tool,category,language,license,output_files,container,layout_structure,identity_model,units_and_origin,frame_index_base,missing_data_encoding,confidence,source
DeepLabCut,pose,Python,LGPL-3.0,".h5 (key df_with_missing / tracks), optional .csv, *_full.pickle, *_assemblies.pickle",HDF5 (pandas) / CSV,"wide; MultiIndex columns scorer/(individuals)/bodyparts/coords{x,y,likelihood}; row=frame",individuals column level; uniquebodyparts under pseudo-individual 'single'; dummy ind1..indn fallback,"pixels, image origin top-left",0,NaN (h5) / empty (csv); human-filled gaps get likelihood 0.01,likelihood per keypoint (pcutoff default 0.6),https://github.com/DeepLabCut/DeepLabCut
SLEAP,pose,Python,BSD-3-Clause-Clear,.slp; analysis .h5; 5 CSV layouts,HDF5 / CSV,"analysis h5: tracks (n_tracks,2,n_nodes,n_frames) 'matlab' or (n_frames,n_tracks,n_nodes,2) 'standard'; axis order in 'dims' attr","track_names aligned to track axis; track=-1 untracked; synthetic track_0..n when no tracks (positional, not identities)","pixels, origin at centre of pixel (0,0) for format>=1.1, y down",0,NaN; track_occupancy False; -1 missing-index sentinel,"point_scores, instance_scores, tracking_scores",https://github.com/talmolab/sleap
Lightning Pose,pose,Python,MIT,predictions .csv (DLC layout); multicam_3d_results.csv,CSV,"DeepLabCut multi-header layout; EKS adds x/y_ens_median, x/y_ens_var, x/y_posterior_var",single individual,"pixels, image origin",0,NaN,likelihood,https://github.com/paninski-lab/lightning-pose
Anipose,pose 3D,Python,BSD-2-Clause,pose-3d/<name>.csv; angles/<name>.csv,CSV,"one row per frame; per bodypart bp_x,bp_y,bp_z,bp_error,bp_ncams,bp_score; M_00..M_22; center_0..2; fnum",none (single subject per file),"calibration-board units (typically mm), 3D cartesian",0 (fnum),NaN where <min cameras or below score_threshold,bp_score = min of 2D scores across cameras,https://github.com/lambdaloop/anipose
DANNCE,pose 3D,Python,MIT,save_data_AVG.mat,.mat,not documented in repo README (input *dannce.mat has params/sync/labelData),not documented,not documented,not documented,not documented,not documented,https://github.com/spoonsso/dannce
DeepPoseKit,pose,Python,Apache-2.0,annotation .h5; in-memory predictions array,HDF5,"images (n,h,w,c) uint8; annotations (n,n_kp,2) f8; annotated (n,n_kp) bool; skeleton (n_kp,2) int32; skeleton_names S10",no track IDs; individuals encoded as separate keypoint names,pixels,n/a,annotations default -1; 'annotated' bool flags,none in annotation file,https://github.com/jgraving/DeepPoseKit
AlphaTracker,pose+track,Python,none stated,alphapose-results.json; alphapose-results-forvis-tracked.json,JSON,schema not documented in repo,PoseFlow track IDs; max_pid_id_setting controls,not documented,not documented,not documented,not documented,https://github.com/ZexinChen/AlphaTracker
TRex,centroid+posture,C++,custom,data/<video>_fish<N>.npz (per individual); *_posture_*.npz; CSV export,NPZ (zip of .npy) / CSV,"one .npy array per field, equal length per individual: X,Y,SPEED,VX,VY,AX,AY,ANGLE,time,timestamp,frame,missing,num_pixels,blobid,tracklet_id,...",one file per individual; 'id' array; tracklet_id for segments; CSV export has NO identity,"centimetres (cm_per_pixel; assumes 30 cm arena if unset), y origin top-left; ANGLE radians from x-axis",file-dependent (need not start at 0),missing flag 0/1; uncomputable metrics set to INFINITY (not NaN),detection_p in npz; absent in CSV,https://github.com/mooch443/trex
ToxTrac,centroid,C++/Win,open source (SourceForge),Tracking.txt; Tracking_RealSpace.txt; Instant_Speed.txt; Exploration.txt; ...,delimited text / xlsx,"long: time(s), arena, track, x-pos(mm), y-pos(mm), label, video_seq",track + label columns; arena column for multi-arena,"millimetres, seconds (calibrated file)",n/a (time in s),not documented,none,https://sourceforge.net/projects/toxtrac/
AnimalTA,centroid,Python,open source,<video>_Coordinates.csv; <video>_Corrected.csv; Results/Detailed_data/<video>/Arena_<a><target>.csv,CSV (semicolon),"3 layouts: fixed (X_Arena<a>_Ind<i>/Y_... per target), variable (Frame;Time;Arena;Ind;X;Y), detailed (per-target file)","arena + individual (Ind<i> or user name), numbered from 0 per arena; keypoint centroid or head/tail part0/part1",coordinate files pixels; detailed files in GUI scale unit (NOT recorded in file); image origin top-left; Time in s from 0,0 (first frame t=0),nan in detailed; empty or NA in coordinate files,none (no confidence produced),https://doi.org/10.1111/2041-210X.14115
FastTrack,centroid+orientation,C++/Qt,GPL-3.0,tracking.txt,tab-delimited text,"long; xHead,yHead,tHead,xBody,yBody,tBody,xTail,yTail,tTail,*MajorAxisLength,*MinorAxisLength,*Excentricity,areaBody,imageNumber,id",id column,"pixels, image origin top-left; video height NOT in file",0,not documented,none,https://github.com/FastTrackOrg/FastTrack
Ctrax / trx.mat family,centroid+ellipse,Python/MATLAB,GPL,trx.mat (+ Ctrax raw results file),MATLAB .mat,"struct array 'trx', one element per animal; fields x,y,theta,a,b (1 x nframes), nframes, firstframe, endframe, off, id, x_mm,y_mm,theta_mm,a_mm,b_mm, sex, dt, fps, timestamps",per-animal element with scalar id; segments delimited by firstframe/endframe,pixels + parallel _mm fields; fps and dt in seconds,1 (MATLAB; use off = 1-firstframe),not documented,none,https://ctrax.sourceforge.net/
FlyTracker,centroid+parts,MATLAB,custom,-track.mat; -feat.mat; -seg.mat; -actions.mat; -JAABA/,MATLAB .mat,trk.data [n_flies x n_frames x n_fields] with trk.names; feat.data [n_flies x n_frames x n_fields] with feat.names/feat.units,"n_flies dimension; trk.flags [n_flags x 5] = (fly1,fly2,start_fr,end_fr,ambig) potential swaps",pixels (3-30 px/mm tested); 25-200 fps tested,not stated,not documented,'ambig' on swap flags; 'certainty' on action bouts,https://github.com/kristinbranson/FlyTracker
anTraX,marked-ant tracking,MATLAB,GPL-3.0,per-session result folders; optional <video>.dat per-frame variables,(not specified in docs),expdir/videos + one subdir per tracking session; .dat has header row + one row per frame; 'dt' overrides frame rate,not specified in repo docs,not specified,not specified,not specified,not specified,https://github.com/Social-Evolution-and-Behavior/anTraX
Argos,bbox tracking,Python,GPL-3.0,"<name>.h5 (keys segmented, tracked); legacy .seg.csv/.trk.csv",HDF5 (pandas) / CSV,"tracked: frame, trackid, x, y, w, h, cx, cy, obb_w, obb_h, angle, area, major_axis, minor_axis, solidity","integer trackid (SORT), strictly increasing, never reused; lost >max-age = new ID (fragments); corrections in changes/changelist_<ts>","(x,y) = top-left of bbox; pixels",not stated,objects dropped after max age; no interpolation,none written (YOLACT score not saved),https://github.com/subhacom/argos
Tracktor,centroid,Python,MIT,overlay video + .csv of XY coordinates,CSV,user-defined (template script),maintained during tracking; storage not documented,pixels and frames; convert via framerate and pxpercm,not stated,not documented,none,https://github.com/vivekhsridhar/tracktor
pathtrackr,centroid (single animal),R,not stated,R list from trackPath(); MP4; diagnostic PDF,in-memory R objects,list: xy coordinate matrix; distance/velocity/bearing matrix; summary data,single animal only,"arena in mm, frames in pixels, fps parameter",not stated,not documented,none,https://github.com/aharmer/pathtrackr
OCTRON,segmentation tracking,Python,n/a,*.csv with 6-line metadata header,CSV,"frame_idx, track_id, label, confidence, pos_x, pos_y, bbox_x_min/max, bbox_y_min/max + scikit-image regionprops columns",track_id + per-track label; multi-segment frames give tuple-string cells,"pixels, image origin top-left; video_height in header",0,frames with no detection are OMITTED entirely (gaps in frame_idx),confidence column,https://github.com/animovement/aniread/blob/main/R/read_octron.R
Tierpsy Tracker,worm multi-tracking,Python,MIT,basename.hdf5; _skeletons.hdf5; _intensities.hdf5; _features.hdf5; _featuresN.hdf5,HDF5,"/plate_worms, /trajectories_data, /blob_features, /skeleton, /contour_side1, /contour_side2, /contour_width, /timeseries_data, /features_stats",worm_index_blob (raw) vs worm_index_joined (after gap joining); new ID after each loss; -1 invalid; _split tables,xy_units = microns or pixels (attr); time_units = seconds or frames,frame_number column,skeleton_id = -1 no match; has_skeleton / is_good_skel flags,none,https://github.com/Tierpsy/tierpsy-tracker
Multi-Worm Tracker,worm multi-tracking,C++,LGPL-2.1,".blobs, .summary, .set, .png; Choreography .dat",custom text,contours/centroids/skeletons/outlines; schema not in repo README; largely WCON-compatible,per-animal blob IDs resolved by Performance/Dancer logic,0.026 mm/pixel default in converter,not stated,not documented,none,https://github.com/Ichoran/mwt-core
ZebraZoom,zebrafish,Python,AGPL-3.0,results_<video>.txt (JSON); allData_*.csv; HDF5,JSON / CSV / HDF5,"wellPoissMouv[well][animal][bout] with FishNumber, BoutStart, BoutEnd, HeadX, HeadY, Heading, TailX/Y_VideoReferential, TailX/Y_HeadingReferential, Bend_*, curvature",per well and per animal index; FishNumber; bouts are discrete segments not continuous tracks,"video referential (pixels) and heading referential (head at 0,0, y along heading)",BoutStart/BoutEnd frame numbers,NaN outside bout range in allData CSV,none,https://github.com/oliviermirat/ZebraZoom
Stytra,zebrafish closed-loop,Python,GPL-3.0,tracking/stimulus logs; stytra_last_config.json; config.h5,CSV / HDF5 / Feather,"freely-swimming: f<N>_x, f<N>_y, f<N>_theta, theta_XX; embedded: tail_sum, theta_XX",f<N>_ prefix; identities change on exit/crossing (fragments),camera coordinates; theta is tail direction (+pi for heading),not stated,not documented,none,https://github.com/portugueslab/stytra
ethoscope,Drosophila monitoring,Python,GPL-3.0,<experiment>.db,SQLite (or MySQL),"ROI_MAP(roi_idx,roi_value,x,y,w,h); VAR_MAP(var_name,sql_type,functional_type); one ROI_<idx> table per ROI with id,t + variable columns; METADATA; START_EVENTS; IMG_SNAPSHOTS","positional: one animal per ROI, one table per ROI; no cross-ROI track id",ROI bbox in pixels; t in ms,n/a (time-based),not documented,none,https://github.com/gilestrolab/ethoscope
FicTrac,spherical treadmill,C++,custom,*.dat,headerless delimited text,"23/24/25 columns by version; cols 1-21 fixed: frame, delta_rot_cam_x/y/z, delta_rot_error, delta_rot_lab_x/y/z, abs_rot_cam_x/y/z, abs_rot_lab_x/y/z, pos_x, pos_y, heading, direction, speed, movement_x, movement_y","single animal, no identity column",fictive path (ball-radius scaled externally); heading in radians; timestamps ms,frame column (base not stated),not documented,none,https://github.com/rjdmoore/fictrac
TrackMate,generic particle/cell/animal,Java,GPL-3.0,"*.xml; *_spots.csv, *_edges.csv, *_tracks.csv",XML / CSV,"XML: Spot(ID,POSITION_X/Y/Z,POSITION_T,FRAME,RADIUS,QUALITY) + Track(TRACK_ID,name) + Edge(SPOT_SOURCE_ID,SPOT_TARGET_ID). CSV has 4 header rows",TRACK_ID; tracks may DIVIDE (lineages) -> must split into branches with parent,spatialunits/timeunits from Model; uncalibrated defaults to timeinterval=1 s (i.e. frames),FRAME attribute,not documented,"QUALITY (spot), LINK_COST (edge)",https://github.com/trackmate-sc/TrackMate
Bonsai,dataflow framework,C#,MIT,workflow-defined .csv,CSV,"user-defined; conventional: Timestamp, Centroid.X, Centroid.Y, *.Orientation, Size.Width/Height, optionally Item<N>. prefixes per ROI",NO identity column,"pixels, image origin; Orientation is axial angle in (-pi/2, pi/2], not a heading",n/a,NaN,none,https://github.com/bonsai-rx/bonsai
WCON (standard),interchange,JSON spec,open,*.wcon / *.json (optionally zipped),JSON,"required 'units' and 'data'; record requires id, t, x, y; optional ox/oy, cx/cy, head, ventral, px/py, ptail, walk; @labcode extensions; metadata; files(current/next/prev)",string 'id'; same id may recur at different timepoints (chunking) but not duplicate a timepoint,declared per-field in 'units' (library internals: s and mm),"t is a timestamp, not a frame index",null (JSON has no NaN/Inf),none in core spec,https://github.com/openworm/tracker-commons
NWB + ndx-pose,interchange,HDF5 spec,BSD,*.nwb,NWB (HDF5),"PoseEstimation (predictions) / PoseTraining (annotations); PoseEstimationSeries per keypoint: data (n_frames,n_space), confidence (n_frames,)",track -> NWB Subject via ndx-multisubjects; requires all instances track-assigned,per-series spatial unit metadata,n/a,NaN confidence if absent,per-keypoint confidence,https://github.com/talmolab/sleap-io/blob/main/docs/formats/nwb.md
movement,converter (Python),Python,BSD-3-Clause,xarray Dataset; .nc,NetCDF/HDF5,"position (time, space, keypoints, individuals); confidence (time, keypoints, individuals); shape for bboxes",individuals dim; auto-names id_0..id_n when source has none,time in frames (0-based) or seconds if fps given; VIA bbox converted top-left -> centroid,0,NaN throughout,confidence DataArray (all-NaN if source has none),https://github.com/neuroinformatics-unit/movement
aniread / animovement,converter (R),R,open,aniframe .parquet/.csv,Parquet / CSV,"long: time, individual, keypoint, x, y, confidence (+ yaw, z)",normalised 'individual' factor per source,re-reflects y to BOTTOM-LEFT origin; per-source unit metadata,0,NA,confidence column (NA when source has none),https://github.com/animovement/aniread
sleap-io,converter (Python),Python,BSD-3-Clause,many,many,"reads/writes slp, NWB, JABS h5, analysis h5, Label Studio, DLC csv, 5 SLEAP csv layouts, LEAP .mat, COCO, TrackMate csv, TIFF labels, GeoJSON, YOLO",format-dependent,format-dependent,format-dependent,format-dependent,format-dependent,https://github.com/talmolab/sleap-io
